{
  "Name": "All-Round Ambisonic decoder (AllRAD) and loudspeaker layout",
  "Description": "This configuration file was created with the IEM AllRADecoder v0.9.0 plug-in. 30 Sep 2020 5:09:31pm",
  "Decoder": {
    "Name": "Decoder",
    "Description": "A 2nd order Ambisonics decoder using the AllRAD approach.",
    "ExpectedInputNormalization": "n3d",
    "Weights": "none",
    "WeightsAlreadyApplied": false,
    "Matrix": [
      [
        0.1780239641666412,
        0.2195764482021332,
        -0.003806399879977107,
        0.0405447892844677,
        0.04498572647571564,
        -0.006143152248114347,
        -0.05713613703846931,
        -0.02991783805191517,
        -0.1219274178147316
      ],
      [
        0.1780245751142502,
        -0.2195755988359451,
        -0.003795058466494083,
        0.04053785651922226,
        -0.04498502984642982,
        0.006139327771961689,
        -0.05714572221040726,
        -0.02993040904402733,
        -0.1219191327691078
      ],
      [
        0.1275488585233688,
        0.07786986231803894,
        -0.0523269809782505,
        -0.1550503820180893,
        -0.09827107936143875,
        -0.03566686436533928,
        -0.06065972149372101,
        0.06120612472295761,
        0.07005072385072708
      ],
      [
        0.1275490075349808,
        -0.07787817716598511,
        -0.0523405484855175,
        -0.1550403386354446,
        0.09827832132577896,
        0.03566025570034981,
        -0.06064728647470474,
        0.06122000887989998,
        0.07003545016050339
      ],
      [
        0.341575026512146,
        -4.051123596582329e-6,
        0.1206895411014557,
        0.2887117266654968,
        2.998949867105694e-6,
        -3.600479658416589e-6,
        0.007678210269659758,
        0.002126447856426239,
        0.08118723332881927
      ]
    ],
    "Routing": [
      1,
      2,
      3,
      4,
      5
    ]
  },
  "LoudspeakerLayout": {
    "Name": "A loudspeaker layout",
    "Loudspeakers": [
      {
        "Azimuth": 90.0,
        "Elevation": 0.0,
        "Radius": 1.0,
        "IsImaginary": false,
        "Channel": 1,
        "Gain": 1.0
      },
      {
        "Azimuth": -90.0,
        "Elevation": 0.0,
        "Radius": 1.0,
        "IsImaginary": false,
        "Channel": 2,
        "Gain": 1.0
      },
      {
        "Azimuth": 135.0,
        "Elevation": 0.0,
        "Radius": 1.0,
        "IsImaginary": false,
        "Channel": 3,
        "Gain": 1.0
      },
      {
        "Azimuth": -135.0,
        "Elevation": 0.0,
        "Radius": 1.0,
        "IsImaginary": false,
        "Channel": 4,
        "Gain": 1.0
      },
      {
        "Azimuth": 0.0,
        "Elevation": 0.0,
        "Radius": 1.0,
        "IsImaginary": false,
        "Channel": 5,
        "Gain": 1.0
      },
      {
        "Azimuth": 0.0,
        "Elevation": -90.0,
        "Radius": 1.0,
        "IsImaginary": true,
        "Channel": 6,
        "Gain": 0.0
      },
      {
        "Azimuth": 180.0,
        "Elevation": 40.0,
        "Radius": 1.0,
        "IsImaginary": true,
        "Channel": 9,
        "Gain": 0.0
      }
    ]
  }
}